gene,frequency
Tsp42Ej,1.0
sta,1.0
Ten-a,1.0
tutl,1.0
RpL23A,1.0
Kif3C,1.0
RpS10b,1.0
Hsromega,1.0
Hsp83,1.0
Gapdh2,1.0
Hsp26,1.0
HmgD,1.0
ATPsynO,1.0
Atox1,1.0
scyl,1.0
CG7781,1.0
GluClalpha,1.0
CG8620,1.0
CG8646,1.0
CG8861,1.0
Ald,1.0
Pglym78,1.0
Pvf3,1.0
TM4SF,1.0
Obp44a,1.0
CG31808,1.0
PyK,1.0
Tpi,1.0
Rdl,1.0
mt:ND4,1.0
CG42365,1.0
mt:CoIII,1.0
Msp300,1.0
MRE16,1.0
Rh2,1.0
CG34351,1.0
CG34423,1.0
CG3662,1.0
CG3793,1.0
Tsp42Ed,1.0
ringer,1.0
mt:lrRNA,1.0
Eno,1.0
eIF4EHP,1.0
eEF1alpha1,1.0
ATPsynD,1.0
CR40469,1.0
CNBP,1.0
CR42491,1.0
cindr,1.0
Dscam4,1.0
UQCR-14,1.0
dpy,1.0
chrb,1.0
fok,1.0
nUMI,1.0
DnaJ-1,1.0
FoxP,1.0
CG12868,1.0
Vha14-1,1.0
Frq1,1.0
Xrp1,1.0
Vha26,1.0
Vha36-1,1.0
Vha68-1,1.0
CG9377,1.0
yps,1.0
snRNA:7SK,1.0
SP1029,1.0
Gapdh1,1.0
Dop2R,1.0
Mkp3,0.96
Rbfox1,0.96
Hsp70Bc,0.96
roX2,0.96
hdc,0.96
alpha-Man-Ia,0.96
CG15784,0.92
Myc,0.92
eRF3,0.88
COX7AL,0.88
CG17167,0.84
RpL41,0.8
DopEcR,0.8
CG13685,0.72
Culd,0.72
mt:ND5,0.72
Mtk,0.72
CG5910,0.72
SIFaR,0.72
Sep5,0.68
l(2)not,0.68
CG6770,0.68
Hasp,0.64
CG7328,0.6
CG30259,0.56
CG15765,0.48
CanA-14F,0.48
Arc1,0.48
CG14645,0.48
CG18343,0.44
CR45139,0.4
CG9150,0.4
CG17219,0.36
CG41378,0.32
kcc,0.32
mt:tRNA:Trp-TCA,0.28
slo,0.28
Dfd,0.28
CG11360,0.28
CG42867,0.24
slp2,0.24
sif,0.2
CG13405,0.16
slp1,0.16
tth,0.16
Act79B,0.16
CG8369,0.12
OSCP1,0.12
CG32700,0.12
CG43078,0.12
Hml,0.08
CG44422,0.08
sm,0.08
let-7-C,0.08
trv,0.08
Reck,0.08
MtnE,0.08
Nlg2,0.08
CG11617,0.08
CG9705,0.08
CR44908,0.04
Snm1,0.04
CR45388,0.04
CR46094,0.04
Spindly,0.04
Dro,0.04
ebd2,0.04
Ect3,0.04
fd59A,0.04
glob1,0.04
GstD9,0.04
CG14273,0.04
KFase,0.04
CG43373,0.04
RNaseMRP:RNA,0.04
CG3857,0.04
CG32533,0.04
CG32110,0.04
CG2837,0.04
otk,0.04
pb,0.04
CR45891,0.04
AstC,0.04
TyrRII,0.04
ap,0.04
vir-1,0.04
Act5C,0.04
tna,0.04
Vm26Ab,0.04
hbn,0.0
Haspin,0.0
ana,0.0
haf,0.0
Gycbeta100B,0.0
Ance,0.0
Gyc88E,0.0
Gyc32E,0.0
GV1,0.0
Hsp68,0.0
gukh,0.0
GstT4,0.0
GstS1,0.0
GstE9,0.0
GstE7,0.0
GstE6,0.0
GstE5,0.0
GstE4,0.0
GstE3,0.0
GstE2,0.0
Ank2,0.0
GstE12,0.0
GstE1,0.0
GstD3,0.0
GstT3,0.0
Hsp23,0.0
Hsc70-4,0.0
Vm32E,0.0
Hs3st-A,0.0
Hr83,0.0
Hr38,0.0
Hnf4,0.0
Hn,0.0
alpha-Est1,0.0
Hmx,0.0
alpha-Est7,0.0
HmgZ,0.0
hbs,0.0
HLH3B,0.0
hig,0.0
hid,0.0
hh,0.0
Hf,0.0
Hsp27,0.0
Hex-A,0.0
heph,0.0
hebe,0.0
alrm,0.0
Hsp60D,0.0
HDAC6,0.0
alphagamma-element:CR32865,0.0
APC7,0.0
Gel,0.0
GEFmeso,0.0
Gbs-70E,0.0
Gbp1,0.0
Gbeta76C,0.0
Gba1b,0.0
app,0.0
Gat,0.0
Gasp,0.0
Gas8,0.0
Arc2,0.0
Hsp67Bc,0.0
Arr1,0.0
Galphaq,0.0
Galphao,0.0
Galphai,0.0
Gadd45,0.0
Gad1,0.0
Arr2,0.0
GABA-B-R3,0.0
GABA-B-R1,0.0
fzr2,0.0
fzo,0.0
fz3,0.0
fz,0.0
Argk,0.0
GstD2,0.0
GstD11,0.0
GstD1,0.0
Gs2,0.0
grn,0.0
grk,0.0
antdh,0.0
grim,0.0
grh,0.0
Grd,0.0
Gr66a,0.0
Gr33a,0.0
Gfrl,0.0
Gp150,0.0
gogo,0.0
goddard,0.0
GluRIB,0.0
GluRIA,0.0
AnxB9,0.0
aop,0.0
glec,0.0
AOX3,0.0
GlcAT-P,0.0
GILT1,0.0
Ggamma30A,0.0
gfzf,0.0
Gpb5,0.0
lcs,0.0
Lcp3,0.0
laza,0.0
lama,0.0
Lam,0.0
Lac,0.0
Tsp5D,0.0
tup,0.0
tut,0.0
l(2)01289,0.0
l(1)G0469,0.0
l(1)G0193,0.0
fz2,0.0
Ktl,0.0
knk,0.0
kn,0.0
klu,0.0
Klp67A,0.0
TwdlW,0.0
klg,0.0
kirre,0.0
twit,0.0
kibra,0.0
ACXC,0.0
ken,0.0
kek3,0.0
kug,0.0
magu,0.0
mAChR-B,0.0
mAChR-A,0.0
mab-21,0.0
lz,0.0
luna,0.0
ltl,0.0
Tsp42Ei,0.0
Lsm10,0.0
Lsd-2,0.0
LRP1,0.0
LpR2,0.0
lectin-28C,0.0
loco,0.0
lncRNA:TS9,0.0
Lmx1a,0.0
Lmpt,0.0
Lip4,0.0
Lip3,0.0
Lim3,0.0
Lim1,0.0
Lgr4,0.0
lft,0.0
Lfg,0.0
Tsp42Er,0.0
lectin-46Cb,0.0
LpR1,0.0
ImpL3,0.0
ImpE2,0.0
ImpE1,0.0
Imp,0.0
Iml1,0.0
IM4,0.0
IM33,0.0
IM14,0.0
IM1,0.0
Ilp5,0.0
IKKbeta,0.0
igl,0.0
kek2,0.0
Idgf6,0.0
Idgf4,0.0
Idgf3,0.0
Idgf1,0.0
Ibf1,0.0
IA-2,0.0
hui,0.0
hth,0.0
ade2,0.0
Adgf-A,0.0
AGO3,0.0
Hsp70Ab,0.0
Hsp70Aa,0.0
Ids,0.0
kek1,0.0
Kebab,0.0
KCNQ,0.0
ACXD,0.0
kar,0.0
kappaB-Ras,0.0
jumu,0.0
jim,0.0
Jheh3,0.0
Jheh2,0.0
Jheh1,0.0
jhamt,0.0
jeb,0.0
inaC,0.0
AdamTS-A,0.0
jb,0.0
Jabba,0.0
Irk3,0.0
Irk2,0.0
Irc,0.0
Ir76b,0.0
Ir76a,0.0
Ir62a,0.0
Ipk1,0.0
insv,0.0
InR,0.0
inaD,0.0
jdp,0.0
Dh31,0.0
dgt6,0.0
dgt4,0.0
dgt2,0.0
dgo,0.0
Dgk,0.0
verm,0.0
Ddc,0.0
DCX-EMAP,0.0
dbr,0.0
Dbi,0.0
Daxx,0.0
fw,0.0
dati,0.0
Dat,0.0
dap,0.0
dally,0.0
dac,0.0
D,0.0
d,0.0
Cys,0.0
Cyp9f2,0.0
Cyp9c1,0.0
Cyp9b2,0.0
vg,0.0
Cyp9b1,0.0
daw,0.0
VepD,0.0
Dop1R2,0.0
Dop1R1,0.0
Doc3,0.0
dnc,0.0
DNApol-alpha60,0.0
dmt,0.0
dlp,0.0
Dll,0.0
disco-r,0.0
disco,0.0
DIP-zeta,0.0
Dh44,0.0
DIP-iota,0.0
DIP-gamma,0.0
DIP-eta,0.0
DIP-delta,0.0
DIP-beta,0.0
DIP-alpha,0.0
dila,0.0
Dif,0.0
Dic61B,0.0
Dhfr,0.0
Dhc98D,0.0
Dhc62B,0.0
Dh44-R2,0.0
DIP-theta,0.0
CR46322,0.0
CR46245,0.0
CR46208,0.0
CR46148,0.0
CR46110,0.0
CR46107,0.0
CR46096,0.0
Vkor,0.0
CR46093,0.0
CR46083,0.0
CR46066,0.0
CR46060,0.0
Cyp6w1,0.0
CR46021,0.0
CR46006,0.0
CR46004,0.0
CR46003,0.0
CR45985,0.0
CR45970,0.0
CR45968,0.0
CR45960,0.0
CR45944,0.0
CR45943,0.0
CR45925,0.0
CR45896,0.0
CR45882,0.0
CR46041,0.0
Cyp6g2,0.0
Cyp6g1,0.0
Cyp6d5,0.0
Cyp6a9,0.0
Cyp6a17,0.0
Cyp6a15Psi,0.0
Cyp6a13,0.0
Cyp4p3,0.0
Cyp4p1,0.0
Cyp4e2,0.0
Cyp4d14,0.0
VGAT,0.0
Cyp4ac2,0.0
crb,0.0
Cyp309a2,0.0
Cyp28d1,0.0
Cyp28a5,0.0
Cyp1,0.0
CycB3,0.0
cutlet,0.0
VGlut,0.0
ct,0.0
Csas,0.0
Crz,0.0
crim,0.0
Crg-1,0.0
CrebA,0.0
Cyp49a1,0.0
Fer1,0.0
fend,0.0
tx,0.0
fd102C,0.0
TyrR,0.0
Fbxl7,0.0
fbp,0.0
fax,0.0
Fas3,0.0
Fas2,0.0
fabp,0.0
eys,0.0
VAChT,0.0
ey,0.0
exu,0.0
euc,0.0
Ets65A,0.0
Esyt2,0.0
Est-6,0.0
E(spl)m3-HLH,0.0
Ugt35b,0.0
esn,0.0
erm,0.0
Ugt86Da,0.0
Epac,0.0
Uhg1,0.0
e(y)2b,0.0
mamo,0.0
futsch,0.0
fusl,0.0
Fur1,0.0
FucTB,0.0
ftz-f1,0.0
Fs,0.0
fru,0.0
Frq2,0.0
aru,0.0
arx,0.0
frma,0.0
twz,0.0
fred,0.0
Asph,0.0
foxo,0.0
2mit,0.0
fng,0.0
FMRFa,0.0
fkh,0.0
fit,0.0
Fim,0.0
Fili,0.0
Fife,0.0
Fer3HCH,0.0
Fer2,0.0
frm,0.0
Drsl5,0.0
Drsl4,0.0
Drs,0.0
Usp39,0.0
Drl-2,0.0
Drip,0.0
Drgx,0.0
Drep3,0.0
Drep1,0.0
Dredd,0.0
drd,0.0
Dr,0.0
ems,0.0
dpr9,0.0
dpr8,0.0
dpr6,0.0
dpr3,0.0
dpr21,0.0
dpr20,0.0
dpr2,0.0
dpr18,0.0
dpr17,0.0
dpr13,0.0
dpr11,0.0
dpr10,0.0
dpr1,0.0
v,0.0
emp,0.0
emc,0.0
elB,0.0
Ekar,0.0
Eip93F,0.0
Eip74EF,0.0
Eip63F-1,0.0
Uhg4,0.0
eIF4E6,0.0
eIF3m,0.0
egr,0.0
Eglp4,0.0
Egfr,0.0
Dscam2,0.0
Uhg5,0.0
ed,0.0
Uhg7,0.0
ect,0.0
ec,0.0
EbpIII,0.0
UK114,0.0
unc-13-4A,0.0
Eaat1,0.0
unpg,0.0
dve,0.0
UQCR-11L,0.0
Dscam3,0.0
eEF1alpha2,0.0
RpL27,0.0
Tbh,0.0
RpL22,0.0
Ten-m,0.0
roX1,0.0
rols,0.0
robo2,0.0
RnrL,0.0
Tep1,0.0
RluA-1,0.0
Tep2,0.0
RhoL,0.0
mav,0.0
RhoGEF2,0.0
RhoGAP54D,0.0
RhoGAP15B,0.0
RhoGAP102A,0.0
rho,0.0
Rh7,0.0
Rh6,0.0
Rh50,0.0
Rh5,0.0
Rh4,0.0
Rh3,0.0
Tep3,0.0
rgn,0.0
RhoGEF4,0.0
T3dh,0.0
santa-maria,0.0
sano,0.0
Samuel,0.0
salr,0.0
sage,0.0
RYa,0.0
RunxB,0.0
RunxA,0.0
ru,0.0
rtp,0.0
rst,0.0
RpL39,0.0
RpS9,0.0
RpS5b,0.0
RpS21,0.0
RpS16,0.0
RpS15Aa,0.0
RpS14b,0.0
T48,0.0
RpS12,0.0
Tab2,0.0
rpr,0.0
RpL9,0.0
RpL7A,0.0
tara,0.0
Rpt3R,0.0
pygo,0.0
pyd,0.0
Pxn,0.0
PVRAP,0.0
TfIIA-S-2,0.0
Pvf2,0.0
Ptth,0.0
Ptp99A,0.0
Ptp69D,0.0
Ptip,0.0
ptc,0.0
Psf1,0.0
Rgk3,0.0
Proc,0.0
Prip,0.0
pre-rRNA:CR45847,0.0
pre-rRNA:CR45845,0.0
pre-lola-G,0.0
Prat2,0.0
Prat,0.0
tHMG2,0.0
ppk27,0.0
ppk26,0.0
ppk21,0.0
ppk13,0.0
Thor,0.0
pros,0.0
Rgk1,0.0
Rfx,0.0
retn,0.0
repo,0.0
RecQ4,0.0
Tep4,0.0
rdo,0.0
teq,0.0
rdhB,0.0
rdgC,0.0
rdgA,0.0
Rcd6,0.0
Rbp9,0.0
tfc,0.0
Rbp1-like,0.0
Tet,0.0
Rassf,0.0
RapGAP1,0.0
Rad51D,0.0
rad,0.0
Rack1,0.0
Rac2,0.0
Rab32,0.0
Rab27,0.0
tey,0.0
TfAP-2,0.0
pyr,0.0
Rbp6,0.0
Spat,0.0
spab,0.0
stumps,0.0
Sp1,0.0
SoxN,0.0
Sox21b,0.0
Sox21a,0.0
Sox15,0.0
Sox102F,0.0
soti,0.0
sosie,0.0
sona,0.0
sca,0.0
snRNA:U2:34ABa,0.0
snRNA:U11,0.0
stv,0.0
sNPF-R,0.0
sNPF,0.0
Snp,0.0
sty,0.0
snoRNA:U14:30Eb,0.0
snoRNA:Psi28S-3308,0.0
snoRNA:Psi28S-2949,0.0
snoRNA:Psi28S-2648,0.0
snoRNA:Psi28S-1153,0.0
snoRNA:Psi18S-640f,0.0
Sod3,0.0
stan,0.0
stai,0.0
stac,0.0
ste24b,0.0
ST6Gal,0.0
st,0.0
ssp6,0.0
ssp2,0.0
stet,0.0
ss,0.0
sro,0.0
Src64B,0.0
spd-2,0.0
sqz,0.0
Sps2,0.0
SPR,0.0
Spps,0.0
sti,0.0
spn-D,0.0
Spn88Ea,0.0
Spn75F,0.0
Spn43Ab,0.0
Spn27A,0.0
stops,0.0
sphinx1,0.0
spdo,0.0
sr,0.0
SIFa,0.0
Swim,0.0
Sidpn,0.0
side,0.0
sxe2,0.0
shg,0.0
Shawl,0.0
shakB,0.0
Shab,0.0
Sfp24Bc,0.0
SF1,0.0
serp,0.0
snoRNA:Psi18S-1397,0.0
Send2,0.0
Sema2b,0.0
Sema1b,0.0
Sytalpha,0.0
s-cup,0.0
scro,0.0
scpr-C,0.0
scpr-A,0.0
Scp2,0.0
Scp1,0.0
Sclp,0.0
scaRNA:MeU5-C46,0.0
scaf,0.0
Syp,0.0
snoRNA:Psi18S-1377a,0.0
snoRNA:Or-CD4,0.0
snoRNA:Or-CD12,0.0
snoRNA:Me28S-U1848,0.0
snoRNA:2R:9445205,0.0
sug,0.0
SmydA-8,0.0
SmydA-7,0.0
SmydA-3,0.0
Smurf,0.0
smal,0.0
su(Hw),0.0
slx1,0.0
svp,0.0
sut2,0.0
Slob,0.0
SLO2,0.0
Su(z)12,0.0
Svil,0.0
slif,0.0
sktl,0.0
Skp2,0.0
skl,0.0
Sk1,0.0
SK,0.0
Sirup,0.0
sim,0.0
su(r),0.0
mus201,0.0
Muc91C,0.0
Muc14A,0.0
Muc12Ea,0.0
mub,0.0
mt:tRNA:Tyr-GTA,0.0
Treh,0.0
mt:tRNA:Leu-TAG,0.0
mt:tRNA:Cys-GCA,0.0
mt:tRNA:Ala-TGC,0.0
mtt,0.0
mt:srRNA,0.0
Pph13,0.0
mt:ND6,0.0
Trim9,0.0
trio,0.0
mt:ND3,0.0
mt:ND2,0.0
mt:ND1,0.0
MtnB,0.0
MtnA,0.0
TrissinR,0.0
trn,0.0
mthl5,0.0
mthl10,0.0
MTF-1,0.0
Trf4-2,0.0
ninaC,0.0
ninaA,0.0
Toll-6,0.0
Neto,0.0
NetB,0.0
NetA,0.0
net,0.0
Nep1,0.0
nec,0.0
Ndae1,0.0
Nckx30C,0.0
natalisin,0.0
mus308,0.0
nan,0.0
Toll-7,0.0
nAChRalpha7,0.0
nAChRalpha6,0.0
nAChRalpha5,0.0
nAChRalpha3,0.0
nAChRalpha1,0.0
N,0.0
MYPT-75D,0.0
TotC,0.0
Myo10A,0.0
myo,0.0
toy,0.0
NANS,0.0
Mip,0.0
Mink,0.0
tsl,0.0
mia,0.0
Mgstl,0.0
Tsp,0.0
mgl,0.0
MFS3,0.0
Tsp42Ea,0.0
MFS17,0.0
MFS14,0.0
mfas,0.0
mtDNA-helicase,0.0
Tsp42Eg,0.0
MESR3,0.0
Mes2,0.0
Mec2,0.0
mdy,0.0
MCU,0.0
Mct1,0.0
Tsp42Eh,0.0
MCPH1,0.0
Mco1,0.0
Mcm5,0.0
Mcm2,0.0
mbl,0.0
mew,0.0
mtd,0.0
trol,0.0
Mst89B,0.0
Mst36Fb,0.0
Msr-110,0.0
mspo,0.0
trp,0.0
msl-1,0.0
msi,0.0
Ms,0.0
MRP,0.0
MRE23,0.0
trpl,0.0
Mipp2,0.0
Mp20,0.0
Mp,0.0
Moe,0.0
mnd,0.0
Mms19,0.0
Mmp2,0.0
Mlp84B,0.0
Tsf1,0.0
Mlc1,0.0
tsh,0.0
mkg-p,0.0
Mitf,0.0
mirr,0.0
Mpcp1,0.0
peb,0.0
pdm3,0.0
Pdk,0.0
Pdh,0.0
pdgy,0.0
Pdfr,0.0
Pde9,0.0
Pde6,0.0
Pde1c,0.0
Pde11,0.0
Pcyt2,0.0
tinc,0.0
ninaE,0.0
p38a,0.0
ovo,0.0
otp,0.0
otk2,0.0
tj,0.0
Osi3,0.0
Tk,0.0
Osi2,0.0
Oseg6,0.0
Oseg2,0.0
Tl,0.0
ort,0.0
org-1,0.0
pain,0.0
Pp1-13C,0.0
Poxn,0.0
pot,0.0
POSH,0.0
polo,0.0
Poc1,0.0
ple,0.0
Pld,0.0
Pkn,0.0
Pkg21D,0.0
Pkc53E,0.0
Pka-C3,0.0
Pka-C1,0.0
pes,0.0
pk,0.0
PIP82,0.0
pinta,0.0
Piezo,0.0
Picot,0.0
phr,0.0
Phf7,0.0
pHCl-1,0.0
PGRP-SB1,0.0
PGRP-SA,0.0
tim,0.0
pgant4,0.0
Timp,0.0
PK2-R2,0.0
nxf2,0.0
nvy,0.0
Nufip,0.0
Nse1,0.0
nrv2,0.0
nrv1,0.0
nrm,0.0
Nplp2,0.0
Nplp1,0.0
Npc2h,0.0
Npc2g,0.0
Npc2a,0.0
Orcokinin,0.0
Nos,0.0
norpA,0.0
nopo,0.0
nolo,0.0
nod,0.0
noc,0.0
nmo,0.0
Nlg3,0.0
tok,0.0
NLaz,0.0
nkd,0.0
NKCC,0.0
NK7.1,0.0
Notum,0.0
Orc1,0.0
Or9a,0.0
Or67d,0.0
Or22c,0.0
Optix,0.0
opa,0.0
ome,0.0
tld,0.0
olf186-M,0.0
ogre,0.0
Oct-TyrR,0.0
Octbeta3R,0.0
Octbeta2R,0.0
oaf,0.0
Obp99c,0.0
Obp8a,0.0
Obp83g,0.0
Obp83a,0.0
Obp69a,0.0
Obp56e,0.0
Obp56d,0.0
tn,0.0
Obp19d,0.0
Obp18a,0.0
Oatp33Ea,0.0
Oat,0.0
Oamb,0.0
Octbeta1R,0.0
CG1688,0.0
CG16799,0.0
CG16798,0.0
CG16743,0.0
CG16739,0.0
CG16713,0.0
CG1648,0.0
CG1638,0.0
CG15861,0.0
CG15739,0.0
CG15728,0.0
CG1572,0.0
CG15661,0.0
CG15657,0.0
CR45332,0.0
CG15628,0.0
CG15611,0.0
CG1561,0.0
CG15544,0.0
CG15537,0.0
CG15528,0.0
CG15522,0.0
CG1552,0.0
CG15478,0.0
CG15459,0.0
CG1545,0.0
CG15436,0.0
CG15412,0.0
CG15406,0.0
CG15630,0.0
CG17839,0.0
CG17781,0.0
CG17778,0.0
CG17739,0.0
CG17716,0.0
CG17650,0.0
CG17572,0.0
CG17564,0.0
CG17549,0.0
CG17350,0.0
CG17322,0.0
CG17265,0.0
CG17224,0.0
CG17193,0.0
CG16947,0.0
CG17189,0.0
CG17177,0.0
CG17129,0.0
CG17124,0.0
CG17122,0.0
CG17118,0.0
CG17108,0.0
CG17032,0.0
CG17030,0.0
CG17027,0.0
CG1698,0.0
CG16978,0.0
CG16965,0.0
CG16959,0.0
CG17190,0.0
CG14757,0.0
CG14752,0.0
CG14742,0.0
CG14694,0.0
CG14692,0.0
CG14664,0.0
CG14630,0.0
CG14629,0.0
CG14615,0.0
CG14511,0.0
CG14509,0.0
CG14495,0.0
CG14459,0.0
CG14457,0.0
CG15353,0.0
CG14372,0.0
CG14367,0.0
CG14352,0.0
CG14340,0.0
CG14322,0.0
CG14297,0.0
CG14291,0.0
CG14275,0.0
CG14274,0.0
CG14186,0.0
CG14153,0.0
CG14142,0.0
CG14141,0.0
CG14125,0.0
CG14431,0.0
CG15343,0.0
CG15332,0.0
CG15312,0.0
CG15256,0.0
CG15236,0.0
CG15221,0.0
CG15209,0.0
CG15201,0.0
CG15196,0.0
CG15145,0.0
CG15130,0.0
CG15067,0.0
CG15047,0.0
CG15043,0.0
CG14762,0.0
CG15021,0.0
CG14990,0.0
CG14989,0.0
CG14985,0.0
CG14984,0.0
CG14907,0.0
CG14892,0.0
CG14864,0.0
CG14856,0.0
CG14853,0.0
CG14830,0.0
CG14820,0.0
CG14795,0.0
CG14785,0.0
CG14780,0.0
CG1504,0.0
CG31875,0.0
CG31814,0.0
CG31807,0.0
CG31787,0.0
CG31778,0.0
CG31777,0.0
CG31776,0.0
CG31759,0.0
CG31706,0.0
CG31705,0.0
CG31704,0.0
CG31690,0.0
CG31689,0.0
CG31627,0.0
CG17896,0.0
CG31436,0.0
CG31415,0.0
CG31345,0.0
CG31342,0.0
CG31324,0.0
CG31323,0.0
CG31313,0.0
CG31262,0.0
CG31248,0.0
CG31221,0.0
CG31220,0.0
CG31200,0.0
CG31176,0.0
CG31156,0.0
CG31445,0.0
CG33111,0.0
CG33098,0.0
CG3308,0.0
CG3301,0.0
CG32982,0.0
CG32816,0.0
CG3277,0.0
CG32698,0.0
CG32683,0.0
CG32647,0.0
CG32639,0.0
CG32625,0.0
CG3257,0.0
CG32547,0.0
CG31954,0.0
CG32506,0.0
CG32368,0.0
CG32365,0.0
CG32266,0.0
CG32264,0.0
CG32259,0.0
CG32232,0.0
CG32204,0.0
CG32150,0.0
CG32137,0.0
CG32074,0.0
CG32052,0.0
CG32017,0.0
CG31997,0.0
CG31955,0.0
CG32521,0.0
CG2269,0.0
CG2233,0.0
CG2157,0.0
CG2145,0.0
CG2118,0.0
CG2111,0.0
CG2082,0.0
CG2065,0.0
CG2016,0.0
CG2010,0.0
CG18858,0.0
CG18823,0.0
CG18598,0.0
CG18507,0.0
CG31121,0.0
CG18467,0.0
CG18336,0.0
CG18327,0.0
CG18304,0.0
CG18208,0.0
CG18190,0.0
CG18107,0.0
CG18067,0.0
CG18063,0.0
CG18011,0.0
CG1801,0.0
CG18003,0.0
CG17928,0.0
CG17919,0.0
CG18473,0.0
CG30466,0.0
CG30463,0.0
CG30457,0.0
CG30441,0.0
CG30419,0.0
CG30393,0.0
CG30380,0.0
CG3038,0.0
CG3036,0.0
CG30357,0.0
CG30324,0.0
CG30285,0.0
CG30280,0.0
CG30203,0.0
CG2310,0.0
CG30159,0.0
CG30154,0.0
CG30116,0.0
CG30099,0.0
CG3009,0.0
CG30053,0.0
CG30050,0.0
CG30026,0.0
CG30020,0.0
CG30016,0.0
CG30001,0.0
CG2841,0.0
CG2781,0.0
CG2556,0.0
CG2321,0.0
CG30197,0.0
bsh,0.0
bru3,0.0
bru2,0.0
bru1,0.0
brat,0.0
br,0.0
bowl,0.0
boss,0.0
boil,0.0
bnl,0.0
bnb,0.0
bma,0.0
blot,0.0
BicD,0.0
CG14118,0.0
betaTub56D,0.0
betaNACtes6,0.0
betaNACtes3,0.0
beta-Man,0.0
beat-VII,0.0
beat-VI,0.0
beat-Va,0.0
beat-IV,0.0
beat-IIIc,0.0
beat-IIIb,0.0
beat-IIb,0.0
beat-IIa,0.0
beat-Ic,0.0
beat-Ib,0.0
bi,0.0
CG10336,0.0
CG10283,0.0
CG10257,0.0
CG10237,0.0
CG10226,0.0
CG10202,0.0
CG10184,0.0
CG10175,0.0
CG10089,0.0
CG10031,0.0
Cep135,0.0
Cdk4,0.0
Cdk2,0.0
Cdk1,0.0
bt,0.0
CCHa2,0.0
CCHa1,0.0
Cbp53E,0.0
caup,0.0
Cap-D2,0.0
Calx,0.0
CAH2,0.0
CAH1,0.0
Ca-alpha1T,0.0
by,0.0
Bx,0.0
bw,0.0
Buffy,0.0
Btk29A,0.0
Ccn,0.0
wry,0.0
Wnt4,0.0
Wnt10,0.0
wisp,0.0
whd,0.0
Whamy,0.0
5-HT1A,0.0
wdn,0.0
vvl,0.0
Vsx2,0.0
vret,0.0
Vps39,0.0
vnd,0.0
Vmat,0.0
beat-Ia,0.0
AstA,0.0
Uhg3,0.0
ACXB,0.0
Acp53C14b,0.0
acj6,0.0
Achl,0.0
Ace,0.0
acal,0.0
Ac78C,0.0
Ac76E,0.0
Ac13E,0.0
ab,0.0
a10,0.0
a,0.0
Wdr62,0.0
bcd,0.0
BBS4,0.0
bab2,0.0
b,0.0
Awh,0.0
aurB,0.0
aub,0.0
AttC,0.0
ATPsynepsilonL,0.0
ATPsynCF6L,0.0
AstC-R2,0.0
AstC-R1,0.0
AstCC,0.0
AstA-R2,0.0
Wsck,0.0
Aldh,0.0
zyd,0.0
zormin,0.0
ZnT41F,0.0
zld,0.0
Zip71B,0.0
zfh2,0.0
zfh1,0.0
ytr,0.0
Yp3,0.0
yata,0.0
XRCC1,0.0
xmas-2,0.0
wus,0.0
wtrw,0.0
AstA-R1,0.0
CG13305,0.0
CG13300,0.0
CG13272,0.0
CG13243,0.0
CG13229,0.0
CG13203,0.0
CG13185,0.0
CG13138,0.0
CG13116,0.0
CG13091,0.0
CG13077,0.0
CG13071,0.0
CG13055,0.0
CG13054,0.0
CG10352,0.0
CG13012,0.0
CG13003,0.0
CG12994,0.0
CG12974,0.0
CG12947,0.0
CG12934,0.0
CG12898,0.0
CG1287,0.0
CG12857,0.0
CG12826,0.0
CG12811,0.0
CG12780,0.0
CG12723,0.0
CG12672,0.0
CG13051,0.0
CG14117,0.0
CG14105,0.0
CG14082,0.0
CG14074,0.0
CG14050,0.0
CG14044,0.0
CG14024,0.0
CG14022,0.0
CG1402,0.0
CG13954,0.0
CG13869,0.0
CG13741,0.0
CG13739,0.0
CG13707,0.0
CG13373,0.0
CG13692,0.0
CG13678,0.0
CG13659,0.0
CG13658,0.0
CG13631,0.0
CG13618,0.0
CG13599,0.0
CG13594,0.0
CG13581,0.0
CG1358,0.0
CG13579,0.0
CG13562,0.0
CG13488,0.0
CG13408,0.0
CG13376,0.0
CG13698,0.0
CG11294,0.0
CG11267,0.0
CG11221,0.0
CG11191,0.0
CG11180,0.0
CG11125,0.0
CG11085,0.0
CG11044,0.0
CG11000,0.0
CG10993,0.0
CG10970,0.0
CG10947,0.0
CG10939,0.0
CG10919,0.0
CG12655,0.0
CG10827,0.0
CG10804,0.0
CG10799,0.0
CG1077,0.0
CG10680,0.0
CG10527,0.0
CG10513,0.0
CG10479,0.0
CG10472,0.0
CG10462,0.0
CG10445,0.0
CG10433,0.0
CG10405,0.0
CG10384,0.0
CG10869,0.0
CG12594,0.0
CG12541,0.0
CG12502,0.0
CG12344,0.0
CG12290,0.0
CG12256,0.0
CG12239,0.0
CG12182,0.0
CG1213,0.0
CG12116,0.0
CG12065,0.0
CG11961,0.0
CG11898,0.0
CG11841,0.0
CG11317,0.0
CG11768,0.0
CG11756,0.0
CG11700,0.0
CG11686,0.0
CG11674,0.0
CG11635,0.0
CG1146,0.0
CG11438,0.0
CG11406,0.0
CG11399,0.0
CG11391,0.0
CG11384,0.0
CG11382,0.0
CG11368,0.0
CG11319,0.0
CG11791,0.0
CR12628,0.0
CPT2,0.0
Cpr78Ca,0.0
Cpr72Ec,0.0
Cpr67B,0.0
Cpr65Ec,0.0
Cpr51A,0.0
Cpr49Ag,0.0
Cpr49Ae,0.0
Cpr47Ee,0.0
Cpr11B,0.0
cpo,0.0
Cpn,0.0
Cp7Fc,0.0
CG33137,0.0
cort,0.0
Corin,0.0
Con,0.0
comm,0.0
CNT2,0.0
cno,0.0
CNMaR,0.0
Cngl,0.0
cmpy,0.0
Cln7,0.0
Cln3,0.0
Clect27,0.0
ClC-a,0.0
ckn,0.0
Cp7Fa,0.0
CR43496,0.0
CR43466,0.0
CR43454,0.0
CR43408,0.0
CR43363,0.0
CR43361,0.0
CR43334,0.0
CR43314,0.0
CR43256,0.0
CR43199,0.0
CR43170,0.0
CR43157,0.0
CR43148,0.0
CR43144,0.0
CR14578,0.0
CR43086,0.0
CR42765,0.0
CR41506,0.0
CR40190,0.0
CR40100,0.0
CR40005,0.0
CR34047,0.0
CR33294,0.0
CR32733,0.0
CR32194,0.0
CR31451,0.0
CR31144,0.0
CR17025,0.0
CR15345,0.0
CR43087,0.0
CG9541,0.0
CG9449,0.0
CG9427,0.0
CG9394,0.0
CG9380,0.0
CG9336,0.0
CG9331,0.0
CG9313,0.0
CG9263,0.0
CG9171,0.0
CG9114,0.0
CG9109,0.0
CG9084,0.0
CG8916,0.0
ck,0.0
CG8840,0.0
CG8813,0.0
CG8740,0.0
CG8701,0.0
CG8661,0.0
CG8654,0.0
CG8641,0.0
CG8525,0.0
CG8519,0.0
CG8468,0.0
CG8401,0.0
CG8306,0.0
CG8229,0.0
CG8191,0.0
CG8908,0.0
cid,0.0
ci,0.0
Cht8,0.0
Chro,0.0
Chrac-14,0.0
chp,0.0
chm,0.0
CHKov1,0.0
chinmo,0.0
CheB53a,0.0
Chd64,0.0
ChAT,0.0
CG9990,0.0
CG9967,0.0
CG9547,0.0
CG9914,0.0
CG9896,0.0
CG9813,0.0
CG9780,0.0
CG9743,0.0
CG9691,0.0
CG9689,0.0
CG9686,0.0
CG9657,0.0
CG9650,0.0
CG9649,0.0
CG9631,0.0
CG9628,0.0
CG9593,0.0
CG9589,0.0
CG9932,0.0
CR45273,0.0
CR45251,0.0
CR45242,0.0
CR45233,0.0
CR45223,0.0
CR45208,0.0
CR45185,0.0
CR45181,0.0
CR45168,0.0
CR45167,0.0
CR45161,0.0
CR45142,0.0
CR45128,0.0
CR45048,0.0
CR43604,0.0
CR45018,0.0
CR44999,0.0
CR44998,0.0
CR44997,0.0
CR44984,0.0
CR44978,0.0
CR44975,0.0
CR44969,0.0
CR44915,0.0
CR44911,0.0
CR44907,0.0
CR44855,0.0
CR44830,0.0
CR44809,0.0
CR45045,0.0
CR45875,0.0
CR45873,0.0
CR45832,0.0
CR45818,0.0
CR45797,0.0
CR45758,0.0
CR45736,0.0
CR45706,0.0
CR45684,0.0
CR45680,0.0
CR45679,0.0
CR45673,0.0
CR45660,0.0
CR45621,0.0
CR45308,0.0
CR45602,0.0
CR45597,0.0
CR45595,0.0
CR45549,0.0
CR45533,0.0
CR45474,0.0
CR45473,0.0
CR45472,0.0
CR45430,0.0
CR45414,0.0
CR45358,0.0
CR45333,0.0
5-HT2A,0.0
CR45321,0.0
CR45312,0.0
CR45620,0.0
CR44129,0.0
CR44115,0.0
CR44103,0.0
CR44067,0.0
CR44066,0.0
CR44065,0.0
CR44053,0.0
CR44047,0.0
CR44031,0.0
CR44030,0.0
CR44024,0.0
CR43995,0.0
CR43973,0.0
CR43957,0.0
CR44793,0.0
CR43939,0.0
CR43937,0.0
CR43893,0.0
CR43887,0.0
CR43870,0.0
CR43864,0.0
CR43830,0.0
CR43825,0.0
CR43701,0.0
CR43700,0.0
CR43654,0.0
CR43653,0.0
CR43651,0.0
CR43641,0.0
CR43956,0.0
CR44779,0.0
CR44776,0.0
CR44738,0.0
CR44716,0.0
CR44608,0.0
CR44598,0.0
CR44539,0.0
CR44506,0.0
CR44471,0.0
CR44459,0.0
CR44448,0.0
CR44444,0.0
CR44441,0.0
CR44440,0.0
CR44137,0.0
CR44394,0.0
CR44384,0.0
CR44368,0.0
CR44366,0.0
CR44357,0.0
CR44333,0.0
CR44322,0.0
CR44320,0.0
CR44317,0.0
CR44295,0.0
CR44279,0.0
CR44272,0.0
CR44178,0.0
CR44157,0.0
CR44149,0.0
CR44417,0.0
CG42540,0.0
CG42524,0.0
CG4250,0.0
CG42489,0.0
CG42460,0.0
CG42458,0.0
CG42450,0.0
CG42445,0.0
CG42402,0.0
CG42390,0.0
CG42354,0.0
CG42346,0.0
CG42342,0.0
CG42340,0.0
CG8180,0.0
CG42331,0.0
CG42313,0.0
CG42299,0.0
CG42260,0.0
CG42259,0.0
CG42246,0.0
CG42240,0.0
CG42231,0.0
CG41562,0.0
CG40485,0.0
CG40470,0.0
CG3961,0.0
CG3940,0.0
CG3906,0.0
CG42339,0.0
CG43693,0.0
CG43689,0.0
CG43675,0.0
CG43658,0.0
CG4341,0.0
CG43341,0.0
CG43340,0.0
CG43273,0.0
CG43191,0.0
CG43120,0.0
CG43103,0.0
CG43094,0.0
CG43093,0.0
CG43091,0.0
CG42541,0.0
CG42817,0.0
CG42764,0.0
CG42750,0.0
CG42747,0.0
CG42710,0.0
CG42697,0.0
CG42675,0.0
CG42674,0.0
CG42673,0.0
CG42663,0.0
CG42613,0.0
CG42594,0.0
CG42588,0.0
CG42556,0.0
CG4297,0.0
CG34134,0.0
CG34120,0.0
CG34114,0.0
CG34113,0.0
CG34107,0.0
CG3408,0.0
CG34057,0.0
CG34041,0.0
CG34030,0.0
CG33998,0.0
CG33970,0.0
CG33941,0.0
CG33777,0.0
CG33752,0.0
CG3902,0.0
CG33668,0.0
CG33655,0.0
CG33639,0.0
CG33543,0.0
CG33521,0.0
CG33494,0.0
CG3344,0.0
CG33340,0.0
CG33296,0.0
CG33293,0.0
CG33233,0.0
CG33217,0.0
CG33178,0.0
CG33143,0.0
CG33673,0.0
CG3831,0.0
CG3822,0.0
CG3819,0.0
CG3817,0.0
CG3777,0.0
CG3706,0.0
CG3655,0.0
CG34445,0.0
CG34417,0.0
CG34393,0.0
CG34384,0.0
CG34383,0.0
CG34371,0.0
CG34355,0.0
CG34136,0.0
CG34353,0.0
CG34347,0.0
CG34338,0.0
CG34334,0.0
CG34330,0.0
CG34325,0.0
CG34324,0.0
CG34305,0.0
CG34261,0.0
CG34256,0.0
CG34222,0.0
CG34201,0.0
CG34180,0.0
CG34171,0.0
CG34155,0.0
CG34354,0.0
CG6847,0.0
CG6834,0.0
CG6788,0.0
CG6753,0.0
CG6656,0.0
CG6621,0.0
CG6503,0.0
CG6472,0.0
CG6426,0.0
CG6421,0.0
CG6409,0.0
CG6357,0.0
CG6287,0.0
CG6154,0.0
CG43729,0.0
CG6123,0.0
CG6067,0.0
CG6066,0.0
CG6044,0.0
CG6006,0.0
CG5964,0.0
CG5955,0.0
CG5945,0.0
CG5895,0.0
CG5892,0.0
CG5890,0.0
CG5882,0.0
CG5867,0.0
CG5850,0.0
CG6126,0.0
CG8097,0.0
CG8086,0.0
CG8034,0.0
CG8012,0.0
CG7997,0.0
CG7992,0.0
CG7970,0.0
CG7966,0.0
CG7888,0.0
CG7794,0.0
CG7768,0.0
CG7708,0.0
CG7668,0.0
CG7607,0.0
CG6867,0.0
CG7504,0.0
CG7409,0.0
CG7372,0.0
CG7342,0.0
CG7341,0.0
CG7322,0.0
CG7191,0.0
CG7135,0.0
CG7084,0.0
CG7054,0.0
CG6985,0.0
CG6959,0.0
CG6928,0.0
CG6910,0.0
CG6870,0.0
CG7589,0.0
CG46335,0.0
CG46301,0.0
CG4630,0.0
CG4586,0.0
CG45782,0.0
CG45781,0.0
CG4577,0.0
CG4570,0.0
CG45490,0.0
CG45263,0.0
CG4462,0.0
CG4459,0.0
CG4455,0.0
CG44325,0.0
CG5810,0.0
CG44257,0.0
CG44249,0.0
CG44195,0.0
CG44153,0.0
CG44098,0.0
CG4409,0.0
CG43999,0.0
CG43902,0.0
CG43885,0.0
CG43850,0.0
CG43795,0.0
CG43759,0.0
CG43740,0.0
CG43737,0.0
CG44314,0.0
CG5789,0.0
CG5783,0.0
CG5778,0.0
CG5697,0.0
CG5687,0.0
CG5664,0.0
CG5653,0.0
CG5645,0.0
CG5613,0.0
CG5435,0.0
CG5381,0.0
CG5273,0.0
CG5254,0.0
CG5167,0.0
CG4702,0.0
CG5010,0.0
CG5001,0.0
CG4984,0.0
CG4887,0.0
CG4849,0.0
CG4847,0.0
CG4842,0.0
CG4820,0.0
CG4797,0.0
CG4757,0.0
CG4752,0.0
CG4730,0.0
CG4721,0.0
CG4716,0.0
CG4707,0.0
CG5157,0.0
